search_query,title,asin
Klein MM400 multimeter,Klein Tools MM400 Digital Multimeter TRMS 600V,
Klein CL800 clamp meter,Klein Tools CL800 TRMS AC DC Clamp Meter 600 Amp,
Fluke 323 clamp meter,Fluke 323 True-RMS AC Clamp Meter,
Milwaukee 2216-20 clamp meter,Milwaukee 2216-20 Digital Clamp Meter True RMS,
Timberland PRO Pit Boss 6 steel toe,Timberland PRO Mens 6 Inch Pit Boss Steel-Toe Work Boot,
KEEN Utility Philadelphia steel toe,KEEN Utility Mens Philadelphia 6 Inch Steel-Toe Waterproof Work Boot,
Thorogood American Heritage Moc Toe composite,Thorogood Mens American Heritage 6 Inch Moc Toe Composite-Toe Wedge Work Boot,
Ariat WorkHog XT H2O composite toe,Ariat Mens WorkHog XT H2O Composite-Toe Waterproof Work Boot,
Hard hat,MSA V-Gard Standard-Style Hard Hat,
Work gloves plumbing cut resistant,Mechanix Wear Original Coated Work Gloves,